Código,Descripción,Precio ₡,Precio $ (ref),% IVA,publicar,nota
PCC,AC ANTI-PEPTIDO CICLICO CITRULINADO,25000,0,4,SI,
500,AC ANTI-PEPTIDO CICLICO CITRULINADO,21153.85,34.4,0,NO,REVISAR: mismo examen que código PCC (₡25.000) — decidir cuál precio/código mantener
biliares,ACIDOS BILIARES TOTALES,64000,0,4,NO,REVISAR: mismo examen que código Acid Bil (₡90.000) — decidir cuál precio/código mantener
Acid Bil,Acidos biliares totales,90000,0,4,NO,REVISAR: mismo examen que código biliares (₡64.000) — decidir cuál precio/código mantener
Calza Dental,Calza dental,39599.04,0,4,NO,"Servicio dental, no es examen de laboratorio"
Coli,Colinesterasa Serica,14000,0,4,NO,"Duplicado exacto de código 318 (Colinesterasa Sérica), mismo precio"
308,LDL COLESTEROL,0,8.53,4,NO,"Precio en ₡0 — parece error de captura, confirmar precio real"
Ofic,Mensualidad alquiler espacio de oficina,150000,300,0,NO,"Alquiler de oficina, no es examen de laboratorio"
PCR,PCR COVID,55000,0,4,NO,REVISAR: mismo examen que código PCRCO (₡60.000) — decidir cuál precio/código mantener
PCRCO,PCR COVID,60000,0,4,NO,REVISAR: mismo examen que código PCR (₡55.000) — decidir cuál precio/código mantener
706,PROLACTINA,16500,26,4,NO,"Duplicado exacto de código PRL (Prolactina), mismo precio"
Domi,Servicio a domicilio,5000,21.02,4,NO,"Cargo por servicio a domicilio, no es examen en sí"
spa,Servicio de Spa,41295,0,0,NO,"Servicio de spa, no es examen de laboratorio"
TM,TOMA DE MUESTRA,3000,0,4,NO,"Cargo de toma de muestra, no es examen en sí"
INST,USO DE INSTALACIONES EDUCATIVAS,56500,0,13,NO,"Uso de instalaciones educativas, no es examen de laboratorio"
17-OHPR,17-OH ALFA PROGESTERONA,23000,0,4,SI,
608,AC ANTI CORE IgG,21000,33.28,4,SI,
617,AC ANTI EPSTEIN BARR IgM,17500,28.08,4,SI,
610,AC ANTI HEPATITIS A IgM,20000,33.28,4,SI,
613,AC ANTI HEPATITIS C,20000,33.28,4,SI,
MUSC LISO LKM1,AC ANTI MUSCULO LISO - LKM1,19000,0,4,SI,
511,AC ANTI-CARDIOLIPINA IgG,22000,34.32,4,SI,
510,AC ANTI-CARDIOLIPINA IgM,22000,34.32,4,SI,
628,AC ANTI-CHLAMYDIA IgG,20000,30.16,4,SI,
627,AC ANTI-CHLAMYDIA IgM,20000,30.16,4,SI,
622,AC ANTI-CITOMEGALOVIRUS IgG,17500,28.08,4,SI,
621,AC ANTI-CITOMEGALOVIRUS IgM,17500,28.08,4,SI,
609,AC ANTI-CORE TOTAL,21000,33.28,4,SI,
512,AC ANTI-ENDOMISIALES,52000,85.28,4,SI,
618,AC ANTI-EPSTEIN BARR IgG,17500,28.08,4,SI,
515,AC ANTI-GLIADINA IgA,26000,42.64,4,SI,
516,AC ANTI-GLIADINA IgG,26000,42.64,4,SI,
606,AC ANTI-HBE,21000,33.28,4,SI,
624,AC ANTI-HERPES SIMPLE I IgG,20000,30.16,4,SI,
623,AC ANTI-HERPES SIMPLE I IgM,20000,30.16,4,SI,
626,AC ANTI-HERPES SIMPLE II IgG,20000,30.16,4,SI,
625,AC ANTI-HERPES SIMPLE II IgM,20000,30.16,4,SI,
620,AC ANTI-RUBEOLA IgG,20000,33.28,4,SI,
619,AC ANTI-RUBEOLA IgM,20000,33.28,4,SI,
615,AC ANTI-TOXOPLASMA IgG,17500,28.08,4,SI,
614,AC ANTI-TOXOPLASMA IgM,17500,28.08,4,SI,
513,AC ANTI-TRASGLUTAMINASA IgA,26000,42.64,4,SI,
514,AC ANTI-TRASGLUTAMINASA IgG,26000,42.64,4,SI,
607,AC. ANTI CORE IgM,21000,33.28,4,SI,
604,AC. ANTI HBSAG,20000,33.28,4,SI,
503,AC. ANTI-DNA DS,22000,33.28,4,SI,
505,AC. ANTI-ENAS,50000,42.64,4,SI,
601,AC. ANTI-HIV,17000,28.18,4,SI,
FOL,ACIDO FOLICO,20000,31.2,4,SI,
905,ACIDO URICO,7000,11.13,4,SI,
AU OR,ACIDO URICO ORINA 24H,10000,0,4,SI,
VALP,ACIDO VALPROICO,16000,0,4,SI,
van,ACIDO VANDIL MANDELICO,60000,0,4,SI,
ACLA,ACLARAMIENTO ENDOGENO DE CREATININA,16000,31.2,4,SI,
ACTH,ACTH,26000,0,4,SI,
ADULTO 2,ADULTO <40 AÑOS COMPLETO,77000,126.88,4,SI,
ADULTO 3,ADULTO > 40 AÑOS,62000,101.92,4,SI,
ADULTO 4,ADULTO >40 AÑOS COMPLETO,122000,212.16,4,SI,
ADULTO 1,ADULTOS <40 AÑOS,48000,75.92,4,SI,
ALD,ALDOSTERONA,29000,0,4,SI,
ALERG,ALERGENOS INDIVIDUALES,10000,0,4,SI,
alim,ALERGOCHECK ALIMENTOS,98800,0,4,SI,
CARNE,ALERGOCHECK MARISCOS,45000,0,4,SI,
AFP,ALFA FETO PROTEINA,20000,0,4,SI,
906,AMILASA SERICA,15000,18.72,4,SI,
AMON,AMONIO,25000,0,4,SI,
507,ANCA P,19000,34.01,4,SI,
506,ANCA-C,19000,34.01,4,SI,
andros,ANDROSTENEDIONA,25000,33.28,4,SI,
37,ANTI-MICROSOMAS (ANTI-TPO),18000,29.85,4,SI,
RO,ANTI-RO,21000,0,4,SI,
36,ANTI-TIROGLOBULINA,18500,29.85,4,SI,
lup,ANTICOAGULANTE LUPICO,15000,0,4,SI,
502,ANTICUERPOS ANTINUCLEARES,22000,35.78,4,SI,
fta,ANTICUERPOS ANTITREPONEMICOS (FTA),25000,28.08,4,SI,
ASO,ANTIESTREPTOLISINA,10500,0,4,SI,
cea,ANTIGENO CARCINOEMBRIONICO (CEA),20000,26,4,SI,
603,ANTIGENO HEPATITIS B (HbSAg),17500,28.08,4,SI,
605,ANTIGENO HbEAg,21000,33.28,4,SI,
psa,ANTIGENO PROSTATICO,17000,28.18,4,SI,
5,ANTIGENO PROSTATICO LIBRE,22000,35.78,4,SI,
6,ANTIGENO PROSTÁTICO TOTAL + LIBRE,36000,56.16,4,SI,
ANTIGENO,ANTIGENOS COVID,28000,0,4,SI,
AG,ANTIGENOS COVID PARA VIAJAR,25000,0,4,SI,
AN,ANÁLISIS DE LABORATORIO,10400,20.8,4,SI,
apo a1,APOLIPOPROTEÍNA A1,30000,0,4,SI,
APOB,APOLIPOPROTEÍNA B,30000,0,4,SI,
83,AZUCARES REDUCTORES Y NO REDUCTORES,14000,11.13,4,SI,
Metil,Acido Metilmalónico,150000,296.4,4,SI,
Febril,Aglutinaciones febriles,12000,17.06,4,SI,
Albu,Albumina Serica,11000,0,4,SI,
IgE alergeno,Alergeno (IgE),5000,0,4,SI,
Jo-1,Anti Jo-1,23500,46.8,4,SI,
Mi-2,Anti Mi-2,93600,197.6,4,SI,
Anti Mitocondrias,Anti Mitocondrias,23000,52,4,SI,
Scl-70,Anti Scl-70,24500,46.94,4,SI,
Nucleo,Anti-Nucleosomas,106400,208,4,SI,
centromero,Anticuerpos Anti-Centromero,21650,41.44,4,SI,
PSA ZF,Antígeno Prostático (Zona Franca),11899.68,22.88,4,SI,
B OSEO,BALANCE OSEO,65000,0,4,SI,
BETA2,BETA 2 GLICOPROTEINA,20000,40,4,SI,
74,BILIRRUBINA TOTALES Y FRACCIONADAS,14000,22.15,4,SI,
BNP,BNP/PEPTIDO NATRIURETICO B,30000,0,4,SI,
BAS,"BÁSICO (hemograma, perfil de lípidos, glucosa, ego)",40000,59.28,4,SI,
CA15-3,CA 15-3,20000,0,4,SI,
CA19-9,CA 19- 9,20000,0,4,SI,
ca 72-4,"CA 72-4 (COLONRECTAL, OVARIO, ESTOMAGO)",36000,0,4,SI,
ca-125,CA-125,20000,36.4,4,SI,
62,CALCIO (SUERO),10000,15.29,4,SI,
CAL OR,CALCIO ORINA 24H,10000,0,4,SI,
cal,CALCITONINA,60000,0,4,SI,
calculo,CALCULOS RENALES O BILIARES,25000,0,4,SI,
CALP,CALPROTECTINA,35000,46.8,4,SI,
CARBA,CARBAMAZEPINA (TEGRETOL),15500,0,4,SI,
car,CARIOTIPO,130000,0,4,SI,
CEL,CELIACO,218400,358.8,4,NO,Descontinuado: reemplazado por CELBAS (Control Celiaco Basico) y CELCOM (Control Celiaco Completo)
CELBAS,"CONTROL CELIACO BASICO (Trasglutaminasa IgA, Anti-gliadina IgA, Anti-endomisio IgA)",78000,0,4,SI,
CELCOM,"CONTROL CELIACO COMPLETO (Trasglutaminasa IgA, Anti-gliadina IgA, Anti-endomisio IgA, HLA DQ2/DQ8)",158000,0,4,SI,
LE,CELULAS LE,11000,0,4,SI,
CER,CERULOPLASMINA,15000,0,4,SI,
POLI,CHEQUEO FUERZA PUBLICA,43680,7.28,4,SI,
401,CK TOTAL,11000,17.06,4,SI,
402,CK-MB,20000,45.03,4,SI,
312,CLORUROS (SUERO),9500,15.29,4,SI,
CLOST,CLOSTRIDUIM TOXINA,35000,0,4,SI,
COBRE,COBRE,25000,0,4,SI,
COC CUAL,COCAINA CUALITATIVA,10000,0,4,SI,
COC CUANT,COCAINA CUANTITATIVA,18000,0,4,SI,
306,COLESTEROL TOTAL,7000,8.53,4,SI,
COLICO,COLICO LACTANTE,63960,41.6,4,SI,
319,COLINESTERASA ERITROCITICA,14000,22.15,4,SI,
318,COLINESTERASA SERICA,14000,17.06,4,SI,
508,COMPLEMENTO C3,16500,25.58,4,SI,
509,COMPLEMENTO C4,16500,25.48,4,SI,
FEMEMINO,"CONTROL FEMENINO 40+ (Hemograma, Perfil de lipidos, Glucosa, CA-125, Vitamina D, TSH, Examen general de orina de cortesía)",109000,0,4,SI,
MASC,"CONTROL MASCULINO 40+ (Hemograma, Perfil de lípidos, Glucosa, Antígeno prostático (PSA), Función renal, Examen general de orina de cortesía).",71000,0,4,SI,
CD,COOMBS DIRECTO,12000,0,4,SI,
CI,COOMBS INDIRECTO,15000,0,4,SI,
copro,COPROCULTIVO,21000,41.6,4,SI,
CORT,CORTISOL,18000,0,4,SI,
58,CREATININA,7000,8.53,4,SI,
CTX,CTX telopéptidos,35000,0,4,SI,
cfs,CULTIVO FOSAS NASALES,20000,20800,4,SI,
CTG 75,CURVA TOLERANCIA GLUCOSA 75G,25001,0,4,SI,
Campy,Campylobacter en heces,18200,36.4,4,SI,
Coag,"Coagulación (TP, TTP)",23000,43.75,4,SI,
Cobre Orina,Cobre en orina,25000,52,4,SI,
DEPORT,"Control Deportista (Hemograma, Perfil de lípidos, Glucosa, Perfil renal, Electrolitos (Na, K, Cl), CPK, Examen general de orina de cortesía)",92000,0,4,SI,
COMP,"Control Salud Completo( Hemograma, Perfil de lipidos, Glucosa, Perfil renal, Perfil hepatico, Acido urico, Examen de general orina y heces de cortesía)",109000,0,4,SI,
DEP,DEPORTISTA,77500,135.2,4,SI,
404,DESHIDROGENASA LACTICA (SUERO),11000,17.06,4,SI,
629,DETECCION MOLECULAR DE ETS (9 AGENTES),75500,104,4,SI,
630,DETECCION MOLECULAR DE PAPILOMA HUMANO,62500,119.66,4,SI,
DHEAS,DHEAS-SO4,16500,26,4,SI,
DIM,DIMERO D,26000,33.28,4,SI,
DHT total,Dihidrotestosterona,143000,277.68,4,SI,
DHT libre,Dihidrotestosterona libre,200100,387.92,4,SI,
317,"ELECTROLITOS (SODIO, POTASIO, CLORUROS) SUERO",27000,42.64,4,SI,
eos,EOSINOFILOS,10000,0,4,SI,
esper,ESPERMOGRAMA,19000,20.8,4,SI,
703,ESTRADIOL,16500,26,4,SI,
ETS COMP,ETS COMPLETO,89500,136.24,4,SI,
1136,EXAMEN DE ORINA GENERAL,8000,8.53,4,SI,
1875,EXAMEN GENERAL DE HECES,8000,9.36,4,SI,
Electro,Electroforesis de Proteínas,30000,0,4,SI,
Electro hemo,Electroforesis de hemoglobina,25000,0,4,SI,
Trombo,Estudio trombofilias,282000,539.66,4,SI,
Eta,Etanol,17000,0,4,SI,
501,FACTOR REUMATICO,15000,20.49,4,SI,
876,FERRITINA (SUERO),17500,28.18,4,SI,
304,FIBRINOGENO,14500,17.06,4,SI,
78,FOSFATASA ALCALINA,11000,17.06,4,SI,
64,FOSFORO (SUERO),10000,15.39,4,SI,
FOSF OR,FOSFORO ORINA 24H,10000,0,4,SI,
FB,FROTIS BACTERIOLOGICO,14000,0,4,SI,
FRO HE,FROTIS DE HECES,14000,15.6,4,SI,
FF,FROTIS Y CULTIVO FARINGEO,26000,0,4,SI,
FCB,FROTIS Y CULTIVO POR BACTERIAS,26000,0,4,SI,
hongos,FROTIS Y CULTIVO POR HONGOS,35000,36.4,4,SI,
FU,FROTIS Y CULTIVO URETRAL,28000,0,4,SI,
fv,FROTIS Y CULTIVO VAGINAL,28000,41.6,4,SI,
FSH,FSH (HORMONA  FOLICULO ESTIMULANTE),16500,31.2,4,SI,
Fen,Fenitoina,15000,28.54,4,SI,
Frotis general,Frotis general,15000,26,4,SI,
77,GGTP,11000,17.06,4,SI,
Tiroxina,GLOBULINA FIJADORA DE TIROXINA,91000,0,4,SI,
1160,GLUCOSA,7000,8.53,4,SI,
97,GLUCOSA 1H POST CARGA 50G,8500,11.96,4,SI,
99,GLUCOSA 2H POST CARGA 100G,21000,11.96,4,SI,
98,GLUCOSA 2H POST CARGA 75G,21000,11.96,4,SI,
96,GLUCOSA 2H POST PRANDIAL,14000,11.96,4,SI,
GRAH,GRASAS EN HECES,6500,0,4,SI,
877,GRUPO SANGUINEO Y RH,10000,13.52,4,SI,
611,HAV IgG,20000,33.28,4,SI,
emb,HCG SUB UNIDAD BETA CUALITATIVA (PRUEBA EMBARAZO),10000,13.52,4,SI,
705,HCG SUB UNIDAD BETA CUANTIFICADA,21000,33.28,4,SI,
307,HDL COLESTEROL,7000,8.53,4,SI,
HE4,HE4,20000,36.4,4,SI,
871,HEMATOCRITO HEMOGLOBINA,10400,17.06,4,SI,
glic,HEMOGLOBINA GLICOSILADA,17000,281.84,4,SI,
1122,HEMOGRAMA COMPLETO,12000,17.06,4,SI,
875,HIERRO SERICO Y CAPACIDAD DE FIJACIÓN,17500,26.42,4,SI,
HG,HIGADO GRASO,46800,78,4,SI,
homo,HOMOCISTEINA,26000,31.2,4,SI,
mul,HORMONA ANTIMULLERIANA,45000,0,4,SI,
CREC,HORMONA DE CRECIMIENTO,22000,0,4,SI,
HF,"HORMONAL FEMENINO (FSH, LH, Estradiol, Progesterona)",70000,104,4,SI,
Helico IgG,Helicobacter IgG,17000,0,4,SI,
81,Helicobacter pylori EN HECES,21500,34.11,4,SI,
HemoPromo,Hemograma Promoción,9900,19,0,SI,
HAV G,Hepatitis A IgG,20000,38.11,4,SI,
IGF-1,IGF-1 (SOMATOMEDINA),26000,0,4,SI,
IGF-BP3,IGF-BP3 (Proteína 3 de unión al factor de crecimiento parecido a la insulina),34000,0,4,SI,
IA,INDICE ANDROGENICO,22500,40.06,4,SI,
HOMA,INDICE DE HOMA,25000,0,4,SI,
IGA,INMUNOGLOBINA A,16000,0,4,SI,
IGE,INMUNOGLOBULINA E,16000,0,4,SI,
IGG,INMUNOGLOBULINA G,16000,0,4,SI,
IGM,INMUNOGLOBULINA M,16000,0,4,SI,
708,INSULINA,16500,26,4,SI,
709,INSULINA POST CARGA,16500,26,4,SI,
IGE ALER,IgE ALERGENOS,10000,0,4,SI,
LH,LH,16500,26,4,SI,
li,LITIO,16000,20.8,4,SI,
Lepto,Leptospirosis IgG/IgM,25000,0,4,SI,
Lipa,Lipasa,11500,0,4,SI,
63,MAGNESIO (SUERO),10000,15.39,4,SI,
MAR CUAL,MARIHUANA CUALITATIVA,10000,0,4,SI,
MAR CUANT,MARIHUANA CUANTITATIVA,18000,0,4,SI,
MICRO,MICROALBUMINURIA,15000,0,4,SI,
MT,MONOTEST,15000,0,4,SI,
Micro/Creat,Microalbuminuria/creatinuria,19240,36.86,4,SI,
MTHFR,Mutación MTHFR,105300,0,4,SI,
363,NITROGENO UREICO,7000,8.53,4,SI,
407,NT-PROBNP,35000,55.43,4,SI,
Nico,Nicotina,21000,43.68,4,SI,
Niño,Niño sano,22000,41.65,4,SI,
SED,ORINA Y SEDIMENTO TEÑIDO,13000,0,4,SI,
OXALATO,OXALATO EN ORINA DE 24H,75000,0,4,SI,
Omeg,Omega 3 y 6,115000,228.8,4,SI,
PMC14,PANEL METABOLICO COMPLETO (14),120000,187.2,4,SI,
pb,PAQUETE BASICO PROMOCION,34320,57.2,4,SI,
pc,PAQUETE COMPLETO,37450,0,4,SI,
papa,PAQUETE DIA DEL PADRE,41600,83.2,4,SI,
DIAB SEG,"PAQUETE DIABETES SEGUIMIENTO (Glucosa, Hemoglobina glicosilada, Perfil de lipidos, Perfil renal, Microalbuminuria)",70000,0,4,SI,
dr6,PAQUETE DROGAS,25000,31.2,4,SI,
policia,PAQUETE FUERZA PUBLICA,86000,0,4,SI,
SAD,PAQUETE SALUD ADOLESCENTE,20000,0,4,SI,
PTH,PARATOHORMONA (PTH),30000,47.84,4,SI,
PCR Neisseria,PCR por Neisseria gonorrhoeae,90000,174.72,4,SI,
PCR Trichomonas,PCR por Trichomonas Vaginalis,84500,0,4,SI,
PEP C,PEPTIDO C,18000,0,4,SI,
2739,PERFIL DE LIPIDOS,21000,33.18,4,SI,
2737,PERFIL HEPATICO,52000,85.28,4,SI,
TIRO,PERFIL TIROIDEO COMPLETO,49000,0,4,SI,
316,POTASIO (SUERO),9500,15.29,4,SI,
PREGNENOLONA,PREGNENOLONA,67000,119.3,4,SI,
PQ,PREQUIRURGICO,52000,93.6,4,SI,
PROCALCITONINA,PROCALCITONINA,42200,0,4,SI,
704,PROGESTERONA,16500,26,4,SI,
PRL,PROLACTINA,16500,31.2,4,SI,
jun,PROMOCION JUNIO,31200,0,4,SI,
405,PROTEINA C REACTIVA,14000,20.38,4,SI,
406,PROTEINA C REACTIVA ULTRASENSIBLE,17000,28.18,4,SI,
73,PROTEINAS TOTALES Y FRACCIONADAS (SUERO),16500,26.42,4,SI,
PROT,PROTEINURIA 24H,11000,15.6,4,SI,
DQ,PRUEBA GENETICA ENFERMEDAD CELIACA DQ2 / DQ8,80000,0,4,NO,Descontinuado: incluido ahora dentro de CELCOM (Control Celiaco Completo)
PSAMov,PSA Movember,14900,26,4,SI,
Aler75,Panel completo 75 alergenos,416000,0,4,SI,
DIAB PRE,"Paquete Diabetes Preventivo (Hemoglobina glicosilada, Indica HOMA (glucosa + insulina)",40000,0,4,SI,
2738,Perfil Renal (BUN/Crea),14000,26.37,4,SI,
PRP,Plasma Rico en Plaquetas,15000,0,4,SI,
pdr,Promo Dia Padre (psa+hemograma),24900,9383.92,4,SI,
ProtC,Proteína C,115000,0,4,SI,
quan,QUANTIFERON,67600,0,4,SI,
872,RETICULOCITOS,8000,15.39,4,SI,
85,ROTAVIRUS/ADENOVIRUS EN HECES,31500,27.04,4,SI,
soh,SANGRE OCULTA HECES,8000,9.36,4,SI,
EG 3,SERIE 3 MUESTRAS PARASITOS,15000,0,4,SI,
SO3,SERIE 3 MUESTRAS SANGRE OCULTA EN HECES,22000,47.63,4,SI,
covid,SEROLOGIA COVID,22000,0,4,SI,
VACUNA,SEROLOGIA COVID POST VACUNA,28000,0,4,SI,
SE,SEROLOGIA LEPTOSPIRA EQUINO,15600,20.8,4,SI,
dengue,SEROLOGIA POR DENGUE,29500,55.45,4,SI,
sp,SERVICIOS PROFESIONALES,10.4,0,4,SI,
sexo,BABY CHECK (SEXO FETAL),55000,104,4,SI,
SHBG,SHBG (globulina fijadora de las hormonas sexuales),22000,0,4,SI,
314,SODIO (SUERO),9500,15.3,4,SI,
Sero,Serotonina,146000,276.64,4,SI,
32,T3 LIBRE,16500,28.18,4,SI,
t3r,T3 REVERSA,55000,40.06,4,SI,
34,T3 TOTAL,16500,22.15,4,SI,
31,T4 LIBRE,16500,28.18,4,SI,
33,T4 TOTAL,16500,22.15,4,SI,
SA,TAMIZAJE POR S. agalactiae,20000,0,4,SI,
GRAHAM,TEST DE GRAHAM,10000,16.64,4,SI,
711,TESTOSTERONA LIBRE,22000,35.36,4,SI,
710,TESTOSTERONA TOTAL,20000,28.08,4,SI,
75,TGO/AST,11000,17.06,4,SI,
76,TGP/ALT,11000,16.95,4,SI,
300,TIEMPO DE PROTROMBINA,11500,16.95,4,SI,
303,TIEMPO DE TROMBOPLASTINA PARCIAL,11500,17.06,4,SI,
35,TIROGLOBULINA,24000,38.48,4,SI,
TRANS,TRANSFERRINA,12500,20.8,4,SI,
60,TRIGLICERIDOS,6730.77,8.2,0,SI,
400,TROPONINA CUANTIFICADA,29000,46.07,4,SI,
30,TSH (HORMONA ESTIMULANTE TIROIDES),17000,28.18,4,SI,
URO,UROCULTIVO,25000,42.64,4,SI,
var,VARICELA,25000,0,4,SI,
600,VDRL,8500,13.62,4,SI,
873,VELOCIDAD DE ERITROSEDIMENTACION,8000,11.13,4,SI,
b12,VITAMINA B12,21000,31.2,4,SI,
vit d,VITAMINA D,35000,52,4,SI,
VitA,Vitamina A,80000,151.84,4,SI,
D3,Vitamina D3,134000,239.2,4,SI,